email,username,password,roles
rutvi@mmc.com,rutviEmp,welcome123,employee
aditya@mmc.com,adityaEmp,welcome124,employee
vaibhavi@mmc.com,vaibhaviEmp,welcome125,employee
dharmishta@mmc.com,dharmishtaEmp,welcome126,employee
manvi@mmc.com,mainviEmp,welcome127,employee
asmita@mmc.com,asmitaEmp,welcome128,employee
anshika@mmc.com,anshikaEmp,welcome129,employee
manya@mmc.com,manyaEmp,welcome130,employee
ankisha@mmc.com,ankishaEmp,welcome131,employee
priya@mmc.com,priyaEmp,welcome132,employee
